Condition,Level,Reaction Time,Correct,Error Type
With Sound,1,1.1365559101104736,True,
With Sound,2,0.49526381492614746,True,
With Sound,2,0.08307790756225586,True,
With Sound,3,0.3395552635192871,True,
With Sound,3,0.005234956741333008,True,
With Sound,3,1.5280611515045166,True,
With Sound,4,0.011950016021728516,True,
With Sound,4,0.8575057983398438,False,Wrong Color
